{
  "c1_timing": {
    "selective": {
      "total_seconds": 137.6328845024109,
      "total_steps": 98,
      "sec_per_step": 1.4044171888001111,
      "first_loss": 2.1884743690490724,
      "last_loss": 1.8860914707183838,
      "loss_drop": 0.30238289833068865,
      "loss_per_second": 0.002197025074522738,
      "loss_per_step": 0.003085539778884578
    },
    "full_baseline": {
      "total_seconds": 117.80022668838501,
      "total_steps": 98,
      "sec_per_step": 1.2020431294733165,
      "first_loss": 2.1596900463104247,
      "last_loss": 1.9363309860229492,
      "loss_drop": 0.22335906028747554,
      "loss_per_second": 0.0018960834504870995,
      "loss_per_step": 0.002279174084566077
    },
    "random_mask": {
      "total_seconds": 142.58347153663635,
      "total_steps": 98,
      "sec_per_step": 1.4549333830269016,
      "first_loss": 2.1933159828186035,
      "last_loss": 1.910396432876587,
      "loss_drop": 0.2829195499420165,
      "loss_per_second": 0.00198423805293113,
      "loss_per_step": 0.0028869341830818013
    },
    "random_ref_fair": {
      "total_seconds": 123.23907613754272,
      "total_steps": 98,
      "sec_per_step": 1.2575415932402318,
      "first_loss": 2.1767680644989014,
      "last_loss": 1.8639106035232544,
      "loss_drop": 0.31285746097564693,
      "loss_per_second": 0.002538622251813036,
      "loss_per_step": 0.0031924230711800707
    }
  },
  "c2_unified_eval": {
    "selective": {
      "losses_by_epoch": [
        4.383509113589773,
        4.269616503181715,
        4.117877275221873
      ],
      "accs_by_epoch": [
        0.11908339594290007,
        0.13072877535687452,
        0.142374154770849
      ],
      "final_loss": 4.117877275221873,
      "final_acc": 0.142374154770849
    },
    "full_baseline": {
      "losses_by_epoch": [
        4.318806282117974,
        4.215569327775023,
        4.085856431234519
      ],
      "accs_by_epoch": [
        0.13148009015777612,
        0.13936889556724266,
        0.1453794139744553
      ],
      "final_loss": 4.085856431234519,
      "final_acc": 0.1453794139744553
    },
    "random_mask": {
      "losses_by_epoch": [
        4.294371962457738,
        4.166235541867458,
        4.000877603922098
      ],
      "accs_by_epoch": [
        0.13335837716003004,
        0.14087152516904583,
        0.1521412471825695
      ],
      "final_loss": 4.000877603922098,
      "final_acc": 0.1521412471825695
    },
    "random_ref_fair": {
      "losses_by_epoch": [
        4.37901939546856,
        4.262635354974233,
        4.108072952969821
      ],
      "accs_by_epoch": [
        0.11983471074380166,
        0.1322314049586777,
        0.14425244177310292
      ],
      "final_loss": 4.108072952969821,
      "final_acc": 0.14425244177310292
    }
  },
  "c2_ranking": [
    {
      "rank": 1,
      "model": "Random mask",
      "final_cv_loss": 4.000877603922098
    },
    {
      "rank": 2,
      "model": "Full baseline",
      "final_cv_loss": 4.085856431234519
    },
    {
      "rank": 3,
      "model": "Random ref (fair)",
      "final_cv_loss": 4.108072952969821
    },
    {
      "rank": 4,
      "model": "Selective (delta)",
      "final_cv_loss": 4.117877275221873
    }
  ],
  "c2_tb_vs_unified": {
    "selective": {
      "tb_cv": 4.1147,
      "unified_cv": 4.117877275221873,
      "diff": 0.003177275221872833
    },
    "full_baseline": {
      "tb_cv": 4.085,
      "unified_cv": 4.085856431234519,
      "diff": 0.0008564312345189506
    },
    "random_mask": {
      "tb_cv": 3.9992,
      "unified_cv": 4.000877603922098,
      "diff": 0.0016776039220980365
    },
    "random_ref_fair": {
      "tb_cv": 4.1047,
      "unified_cv": 4.108072952969821,
      "diff": 0.003372952969820986
    }
  }
}