Wall time,Step,Value
1774948709.893224,34,4.322690486907959
1774948743.9514055,67,4.216919898986816
1774948780.5571046,100,4.084961891174316
