Wall time,Step,Value
1774948709.8932054,34,4.999999873689376e-06
1774948743.9513867,67,4.999999873689376e-06
1774948780.5570855,100,4.999999873689376e-06
