Wall time,Step,Value
1774948709.8931372,34,0.0
1774948743.9513218,67,1.0
1774948780.5570202,100,2.0
