Wall time,Step,Value
1774948709.8932374,34,0.13192494213581085
1774948743.9514196,67,0.1400527060031891
1774948780.5571184,100,0.14619497954845428
