Wall time,Step,Value
1775645137.3370616,34,0.12021329253911972
1775645173.1547453,67,0.1331731677055359
1775645213.9557,100,0.14542433619499207
