Wall time,Step,Value
1775640704.2001424,34,0.13400809466838837
1775640745.417702,67,0.1413920521736145
1775640785.7454264,100,0.1529691219329834
