Wall time,Step,Value
1775643629.908868,34,0.10813719034194946
1775643666.029373,67,0.11503041535615921
1775643703.166254,100,0.12343867868185043
