Wall time,Step,Value
1775645137.3369532,34,0.0
1775645173.1546407,67,1.0
1775645213.9555404,100,2.0
