Wall time,Step,Value
1775643629.9087374,34,0.0
1775643666.0292745,67,1.0
1775643703.1661284,100,2.0
