Wall time,Step,Value
1775643629.9088533,34,4.131267070770264
1775643666.0293589,67,3.9412174224853516
1775643703.1662405,100,3.733882188796997
