Wall time,Step,Value
1775645137.3370275,34,4.999999873689376e-06
1775645173.1547103,67,4.999999873689376e-06
1775645213.9556568,100,4.999999873689376e-06
