Wall time,Step,Value
1775640704.2001271,34,4.297275543212891
1775640745.4176886,67,4.1661787033081055
1775640785.7454085,100,3.999168872833252
