Wall time,Step,Value
1775640704.2001083,34,4.999999873689376e-06
1775640745.4176683,67,4.999999873689376e-06
1775640785.7453887,100,4.999999873689376e-06
