Wall time,Step,Value
1775645137.337047,34,4.380463600158691
1775645173.1547315,67,4.261446952819824
1775645213.9556818,100,4.1047234535217285
