Wall time,Step,Value
1775640704.200029,34,0.0
1775640745.417594,67,1.0
1775640785.745305,100,2.0
