Wall time,Step,Value
1775643629.908834,34,4.999999873689376e-06
1775643666.0293388,67,4.999999873689376e-06
1775643703.166221,100,4.999999873689376e-06
